key,grant_name,entity_type
1,Sustainable Transportation Planning Grant Programs - Sustainable Communities Competitive,mpo
2,Sustainable Transportation Planning Grant Programs - Sustainable Communities Competitive,rtpa
3,Sustainable Transportation Planning Grant Programs - Sustainable Communities Competitive,transit agency
4,Sustainable Transportation Planning Grant Programs - Sustainable Communities Competitive,school
5,Sustainable Transportation Planning Grant Programs - Sustainable Communities Competitive,indian tribal government
6,Sustainable Transportation Planning Grant Programs - Sustainable Communities Competitive,city
7,Sustainable Transportation Planning Grant Programs - Sustainable Communities Competitive,county
8,Sustainable Transportation Planning Grant Programs - Sustainable Communities Competitive,community-based organization
9,Sustainable Transportation Planning Grant Programs - Sustainable Communities Competitive,non-profit
10,Sustainable Transportation Planning Grant Programs - Climate Adaptation Planning,mpo
11,Sustainable Transportation Planning Grant Programs - Climate Adaptation Planning,rtpa
12,Sustainable Transportation Planning Grant Programs - Climate Adaptation Planning,transit agency
13,Sustainable Transportation Planning Grant Programs - Climate Adaptation Planning,school
14,Sustainable Transportation Planning Grant Programs - Climate Adaptation Planning,indian tribal government
15,Sustainable Transportation Planning Grant Programs - Climate Adaptation Planning,city
16,Sustainable Transportation Planning Grant Programs - Climate Adaptation Planning,county
17,Sustainable Transportation Planning Grant Programs - Climate Adaptation Planning,community-based organization
18,Sustainable Transportation Planning Grant Programs - Climate Adaptation Planning,non-profit
19,Sustainable Transportation Planning Grant Programs - Strategic Partnerships,mpo
20,Sustainable Transportation Planning Grant Programs - Strategic Partnerships,rtpa
21,Sustainable Transportation Planning Grant Programs - Strategic Partnerships,transit agency
22,Sustainable Transportation Planning Grant Programs - Strategic Partnerships,school
23,Sustainable Transportation Planning Grant Programs - Strategic Partnerships,indian tribal government
24,Sustainable Transportation Planning Grant Programs - Strategic Partnerships,city
25,Sustainable Transportation Planning Grant Programs - Strategic Partnerships,county
26,Sustainable Transportation Planning Grant Programs - Strategic Partnerships,community-based organization
27,Sustainable Transportation Planning Grant Programs - Strategic Partnerships,non-profit
28,Sustainable Transportation Planning Grant Programs - Strategic Partnerships - Transit,mpo
29,Sustainable Transportation Planning Grant Programs - Strategic Partnerships - Transit,rtpa
30,Sustainable Transportation Planning Grant Programs - Strategic Partnerships - Transit,transit agency
31,Sustainable Transportation Planning Grant Programs - Strategic Partnerships - Transit,school
32,Sustainable Transportation Planning Grant Programs - Strategic Partnerships - Transit,indian tribal government
33,Sustainable Transportation Planning Grant Programs - Strategic Partnerships - Transit,city
34,Sustainable Transportation Planning Grant Programs - Strategic Partnerships - Transit,county
35,Sustainable Transportation Planning Grant Programs - Strategic Partnerships - Transit,community-based organization
36,Sustainable Transportation Planning Grant Programs - Strategic Partnerships - Transit,non-profit